usage,source,fichier,durée_min
lights,LPG,lights_57min_cycle1.csv,57
lights,LPG,lights_10min_cycle2.csv,10
lights,LPG,lights_20min_cycle3.csv,20
lights,LPG,lights_20min_cycle4.csv,20
lights,LPG,lights_382min_cycle5.csv,382
lights,LPG,lights_20min_cycle6.csv,20
lights,LPG,lights_59min_cycle7.csv,59
lights,LPG,lights_10min_cycle8.csv,10
lights,LPG,lights_10min_cycle9.csv,10
lights,LPG,lights_187min_cycle10.csv,187
lights,LPG,lights_154min_cycle11.csv,154
lights,LPG,lights_12min_cycle12.csv,12
lights,LPG,lights_20min_cycle13.csv,20
lights,LPG,lights_158min_cycle14.csv,158
lights,LPG,lights_123min_cycle15.csv,123
lights,LPG,lights_210min_cycle16.csv,210
lights,LPG,lights_10min_cycle17.csv,10
lights,LPG,lights_212min_cycle18.csv,212
lights,LPG,lights_80min_cycle19.csv,80
lights,LPG,lights_30min_cycle20.csv,30
lights,LPG,lights_10min_cycle21.csv,10
lights,LPG,lights_10min_cycle22.csv,10
lights,LPG,lights_10min_cycle23.csv,10
lights,LPG,lights_40min_cycle24.csv,40
lights,LPG,lights_70min_cycle25.csv,70
lights,LPG,lights_153min_cycle26.csv,153
lights,LPG,lights_23min_cycle27.csv,23
lights,LPG,lights_30min_cycle28.csv,30
lights,LPG,lights_244min_cycle29.csv,244
lights,LPG,lights_39min_cycle30.csv,39
lights,LPG,lights_150min_cycle31.csv,150
lights,LPG,lights_285min_cycle32.csv,285
lights,LPG,lights_90min_cycle33.csv,90
lights,LPG,lights_20min_cycle34.csv,20
lights,LPG,lights_30min_cycle35.csv,30
lights,LPG,lights_204min_cycle36.csv,204
lights,LPG,lights_198min_cycle37.csv,198
lights,LPG,lights_10min_cycle38.csv,10
lights,LPG,lights_20min_cycle39.csv,20
lights,LPG,lights_80min_cycle40.csv,80
lights,LPG,lights_10min_cycle41.csv,10
lights,LPG,lights_236min_cycle42.csv,236
lights,LPG,lights_208min_cycle43.csv,208
lights,LPG,lights_51min_cycle44.csv,51
lights,LPG,lights_209min_cycle45.csv,209
lights,LPG,lights_159min_cycle46.csv,159
lights,LPG,lights_122min_cycle47.csv,122
hob,SmartHouse,hob_14min_cycle1.csv,14
hob,SmartHouse,hob_7min_cycle2.csv,7
hob,SmartHouse,hob_14min_cycle3.csv,14
hob,SmartHouse,hob_9min_cycle4.csv,9
hob,SmartHouse,hob_30min_cycle5.csv,30
hob,SmartHouse,hob_4min_cycle6.csv,4
hob,SmartHouse,hob_26min_cycle7.csv,26
hob,SmartHouse,hob_21min_cycle8.csv,21
hob,SmartHouse,hob_11min_cycle9.csv,11
hob,SmartHouse,hob_7min_cycle10.csv,7
hob,SmartHouse,hob_16min_cycle11.csv,16
hob,SmartHouse,hob_21min_cycle12.csv,21
hob,SmartHouse,hob_27min_cycle13.csv,27
hob,SmartHouse,hob_36min_cycle14.csv,36
hob,SmartHouse,hob_24min_cycle15.csv,24
hob,SmartHouse,hob_49min_cycle16.csv,49
hob,SmartHouse,hob_15min_cycle17.csv,15
hob,SmartHouse,hob_13min_cycle18.csv,13
hob,SmartHouse,hob_18min_cycle19.csv,18
hob,SmartHouse,hob_4min_cycle20.csv,4
hob,SmartHouse,hob_29min_cycle21.csv,29
hob,SmartHouse,hob_22min_cycle22.csv,22
hob,SmartHouse,hob_13min_cycle23.csv,13
hob,SmartHouse,hob_19min_cycle24.csv,19
hob,SmartHouse,hob_19min_cycle25.csv,19
hob,SmartHouse,hob_31min_cycle26.csv,31
hob,SmartHouse,hob_13min_cycle27.csv,13
hob,SmartHouse,hob_19min_cycle28.csv,19
hob,SmartHouse,hob_20min_cycle29.csv,20
hob,SmartHouse,hob_24min_cycle30.csv,24
extractor_hood,LPG,extractor_hood_15min_cycle1.csv,15
extractor_hood,LPG,extractor_hood_11min_cycle2.csv,11
extractor_hood,LPG,extractor_hood_20min_cycle3.csv,20
extractor_hood,LPG,extractor_hood_20min_cycle4.csv,20
extractor_hood,LPG,extractor_hood_21min_cycle5.csv,21
extractor_hood,LPG,extractor_hood_51min_cycle6.csv,51
extractor_hood,LPG,extractor_hood_17min_cycle7.csv,17
extractor_hood,LPG,extractor_hood_18min_cycle8.csv,18
extractor_hood,LPG,extractor_hood_18min_cycle9.csv,18
extractor_hood,LPG,extractor_hood_60min_cycle10.csv,60
extractor_hood,LPG,extractor_hood_13min_cycle11.csv,13
extractor_hood,LPG,extractor_hood_10min_cycle12.csv,10
extractor_hood,LPG,extractor_hood_15min_cycle13.csv,15
extractor_hood,LPG,extractor_hood_11min_cycle14.csv,11
extractor_hood,LPG,extractor_hood_23min_cycle15.csv,23
extractor_hood,LPG,extractor_hood_24min_cycle16.csv,24
extractor_hood,LPG,extractor_hood_24min_cycle17.csv,24
extractor_hood,LPG,extractor_hood_24min_cycle18.csv,24
extractor_hood,LPG,extractor_hood_24min_cycle19.csv,24
extractor_hood,LPG,extractor_hood_24min_cycle20.csv,24
extractor_hood,LPG,extractor_hood_57min_cycle21.csv,57
extractor_hood,LPG,extractor_hood_73min_cycle22.csv,73
extractor_hood,LPG,extractor_hood_61min_cycle23.csv,61
extractor_hood,LPG,extractor_hood_13min_cycle24.csv,13
extractor_hood,LPG,extractor_hood_10min_cycle25.csv,10
extractor_hood,LPG,extractor_hood_33min_cycle26.csv,33
extractor_hood,LPG,extractor_hood_29min_cycle27.csv,29
extractor_hood,LPG,extractor_hood_15min_cycle28.csv,15
extractor_hood,LPG,extractor_hood_14min_cycle29.csv,14
extractor_hood,LPG,extractor_hood_10min_cycle30.csv,10
small_cooking,LPG,small_cooking_6min_cycle1.csv,6
small_cooking,LPG,small_cooking_5min_cycle2.csv,5
small_cooking,LPG,small_cooking_65min_cycle3.csv,65
small_cooking,LPG,small_cooking_4min_cycle4.csv,4
small_cooking,LPG,small_cooking_33min_cycle5.csv,33
small_cooking,LPG,small_cooking_29min_cycle6.csv,29
small_cooking,LPG,small_cooking_62min_cycle7.csv,62
small_cooking,LPG,small_cooking_154min_cycle8.csv,154
oven,LPG,oven_20min_cycle1.csv,20
oven,LPG,oven_20min_cycle2.csv,20
oven,LPG,oven_21min_cycle3.csv,21
oven,LPG,oven_17min_cycle4.csv,17
oven,LPG,oven_18min_cycle5.csv,18
oven,LPG,oven_18min_cycle6.csv,18
oven,LPG,oven_10min_cycle7.csv,10
oven,LPG,oven_12min_cycle8.csv,12
oven,LPG,oven_23min_cycle9.csv,23
oven,LPG,oven_24min_cycle10.csv,24
oven,LPG,oven_24min_cycle11.csv,24
oven,LPG,oven_8min_cycle12.csv,8
oven,LPG,oven_10min_cycle13.csv,10
oven,LPG,oven_16min_cycle14.csv,16
oven,LPG,oven_16min_cycle15.csv,16
oven,LPG,oven_17min_cycle16.csv,17
oven,LPG,oven_24min_cycle17.csv,24
oven,LPG,oven_24min_cycle18.csv,24
oven,LPG,oven_24min_cycle19.csv,24
oven,LPG,oven_13min_cycle20.csv,13
oven,LPG,oven_14min_cycle21.csv,14
oven,LPG,oven_15min_cycle22.csv,15
oven,LPG,oven_7min_cycle23.csv,7
oven,LPG,oven_8min_cycle24.csv,8
oven,LPG,oven_20min_cycle25.csv,20
microwave,SmartHouse,microwave_2min_cycle1.csv,2
microwave,SmartHouse,microwave_4min_cycle2.csv,4
microwave,SmartHouse,microwave_3min_cycle3.csv,3
microwave,SmartHouse,microwave_3min_cycle4.csv,3
microwave,SmartHouse,microwave_6min_cycle5.csv,6
microwave,SmartHouse,microwave_2min_cycle6.csv,2
microwave,SmartHouse,microwave_4min_cycle7.csv,4
microwave,SmartHouse,microwave_5min_cycle8.csv,5
microwave,SmartHouse,microwave_3min_cycle9.csv,3
microwave,SmartHouse,microwave_3min_cycle10.csv,3
microwave,SmartHouse,microwave_7min_cycle11.csv,7
microwave,SmartHouse,microwave_3min_cycle12.csv,3
microwave,SmartHouse,microwave_4min_cycle13.csv,4
microwave,SmartHouse,microwave_4min_cycle14.csv,4
microwave,SmartHouse,microwave_4min_cycle15.csv,4
microwave,SmartHouse,microwave_2min_cycle16.csv,2
microwave,SmartHouse,microwave_2min_cycle17.csv,2
microwave,SmartHouse,microwave_3min_cycle18.csv,3
microwave,SmartHouse,microwave_3min_cycle19.csv,3
microwave,SmartHouse,microwave_4min_cycle20.csv,4
microwave,SmartHouse,microwave_5min_cycle21.csv,5
microwave,SmartHouse,microwave_8min_cycle22.csv,8
microwave,SmartHouse,microwave_4min_cycle23.csv,4
microwave,SmartHouse,microwave_5min_cycle24.csv,5
microwave,SmartHouse,microwave_7min_cycle25.csv,7
microwave,SmartHouse,microwave_8min_cycle26.csv,8
microwave,SmartHouse,microwave_5min_cycle27.csv,5
microwave,SmartHouse,microwave_5min_cycle28.csv,5
microwave,SmartHouse,microwave_2min_cycle29.csv,2
microwave,SmartHouse,microwave_4min_cycle30.csv,4
microwave,SmartHouse,microwave_4min_cycle31.csv,4
microwave,SmartHouse,microwave_6min_cycle32.csv,6
microwave,SmartHouse,microwave_4min_cycle33.csv,4
microwave,SmartHouse,microwave_3min_cycle34.csv,3
microwave,SmartHouse,microwave_4min_cycle35.csv,4
microwave,SmartHouse,microwave_3min_cycle36.csv,3
microwave,SmartHouse,microwave_5min_cycle37.csv,5
dishwasher,LPG,dishwasher_96min_cycle1.csv,96
dishwasher,LPG,dishwasher_93min_cycle2.csv,93
dishwasher,LPG,dishwasher_92min_cycle3.csv,92
dishwasher,LPG,dishwasher_82min_cycle4.csv,82
dishwasher,LPG,dishwasher_96min_cycle5.csv,96
dishwasher,LPG,dishwasher_98min_cycle6.csv,98
dishwasher,LPG,dishwasher_90min_cycle7.csv,90
washing_machine,LPG,washing_machine_65min_cycle1.csv,65
washing_machine,LPG,washing_machine_82min_cycle2.csv,82
washing_machine,LPG,washing_machine_74min_cycle3.csv,74
washing_machine,LPG,washing_machine_106min_cycle4.csv,106
washing_machine,LPG,washing_machine_69min_cycle5.csv,69
washing_machine,LPG,washing_machine_65min_cycle6.csv,65
washing_machine,LPG,washing_machine_70min_cycle7.csv,70
washing_machine,LPG,washing_machine_79min_cycle8.csv,79
washing_machine,LPG,washing_machine_94min_cycle9.csv,94
washing_machine,LPG,washing_machine_71min_cycle10.csv,71
washing_machine,LPG,washing_machine_75min_cycle11.csv,75
washing_machine,LPG,washing_machine_84min_cycle12.csv,84
washing_machine,LPG,washing_machine_66min_cycle13.csv,66
washing_machine,LPG,washing_machine_84min_cycle14.csv,84
washing_machine,LPG,washing_machine_201min_cycle15.csv,201
washing_machine,LPG,washing_machine_89min_cycle16.csv,89
kettle,LPG,kettle_1min_cycle1.csv,1
kettle,LPG,kettle_2min_cycle2.csv,2
kettle,LPG,kettle_2min_cycle3.csv,2
kettle,LPG,kettle_3min_cycle4.csv,3
kettle,LPG,kettle_4min_cycle5.csv,4
kettle,LPG,kettle_2min_cycle6.csv,2
kettle,LPG,kettle_3min_cycle7.csv,3
kettle,LPG,kettle_3min_cycle8.csv,3
kettle,LPG,kettle_1min_cycle9.csv,1
kettle,LPG,kettle_1min_cycle10.csv,1
kettle,LPG,kettle_2min_cycle11.csv,2
kettle,LPG,kettle_3min_cycle12.csv,3
kettle,LPG,kettle_3min_cycle13.csv,3
kettle,LPG,kettle_4min_cycle14.csv,4
kettle,LPG,kettle_3min_cycle15.csv,3
kettle,LPG,kettle_1min_cycle16.csv,1
kettle,LPG,kettle_2min_cycle17.csv,2
kettle,LPG,kettle_2min_cycle18.csv,2
kettle,LPG,kettle_1min_cycle19.csv,1
kettle,LPG,kettle_3min_cycle20.csv,3
kettle,LPG,kettle_1min_cycle21.csv,1
kettle,LPG,kettle_1min_cycle22.csv,1
kettle,LPG,kettle_2min_cycle23.csv,2
kettle,LPG,kettle_1min_cycle24.csv,1
kettle,LPG,kettle_1min_cycle25.csv,1
kettle,LPG,kettle_3min_cycle26.csv,3
kettle,LPG,kettle_2min_cycle27.csv,2
kettle,LPG,kettle_4min_cycle28.csv,4
kettle,LPG,kettle_3min_cycle29.csv,3
kettle,LPG,kettle_3min_cycle30.csv,3
kettle,LPG,kettle_2min_cycle31.csv,2
kettle,LPG,kettle_1min_cycle32.csv,1
kettle,LPG,kettle_3min_cycle33.csv,3
kettle,LPG,kettle_4min_cycle34.csv,4
kettle,LPG,kettle_2min_cycle35.csv,2
kettle,LPG,kettle_1min_cycle36.csv,1
kettle,LPG,kettle_2min_cycle37.csv,2
kettle,LPG,kettle_2min_cycle38.csv,2
toaster,LPG,toaster_2min_cycle1.csv,2
toaster,LPG,toaster_2min_cycle2.csv,2
toaster,LPG,toaster_3min_cycle3.csv,3
toaster,LPG,toaster_2min_cycle4.csv,2
toaster,LPG,toaster_3min_cycle5.csv,3
toaster,LPG,toaster_2min_cycle6.csv,2
toaster,LPG,toaster_2min_cycle7.csv,2
toaster,LPG,toaster_2min_cycle8.csv,2
toaster,LPG,toaster_2min_cycle9.csv,2
toaster,LPG,toaster_3min_cycle10.csv,3
toaster,LPG,toaster_3min_cycle11.csv,3
toaster,LPG,toaster_3min_cycle12.csv,3
toaster,LPG,toaster_3min_cycle13.csv,3
toaster,LPG,toaster_2min_cycle14.csv,2
toaster,LPG,toaster_2min_cycle15.csv,2
toaster,LPG,toaster_2min_cycle16.csv,2
toaster,LPG,toaster_3min_cycle17.csv,3
toaster,LPG,toaster_2min_cycle18.csv,2
toaster,LPG,toaster_3min_cycle19.csv,3
toaster,LPG,toaster_3min_cycle20.csv,3
toaster,LPG,toaster_3min_cycle21.csv,3
toaster,LPG,toaster_3min_cycle22.csv,3
toaster,LPG,toaster_3min_cycle23.csv,3
toaster,LPG,toaster_3min_cycle24.csv,3
toaster,LPG,toaster_3min_cycle25.csv,3
toaster,LPG,toaster_3min_cycle26.csv,3
toaster,LPG,toaster_3min_cycle27.csv,3
toaster,LPG,toaster_2min_cycle28.csv,2
toaster,LPG,toaster_2min_cycle29.csv,2
toaster,LPG,toaster_2min_cycle30.csv,2
toaster,LPG,toaster_2min_cycle31.csv,2
toaster,LPG,toaster_2min_cycle32.csv,2
toaster,LPG,toaster_2min_cycle33.csv,2
hair_dryer,LPG,hair_dryer_18min_cycle1.csv,18
hair_dryer,LPG,hair_dryer_19min_cycle2.csv,19
hair_dryer,LPG,hair_dryer_16min_cycle3.csv,16
hair_dryer,LPG,hair_dryer_20min_cycle4.csv,20
hair_dryer,LPG,hair_dryer_6min_cycle5.csv,6
hair_dryer,LPG,hair_dryer_16min_cycle6.csv,16
hair_dryer,LPG,hair_dryer_6min_cycle7.csv,6
hair_dryer,LPG,hair_dryer_19min_cycle8.csv,19
hair_dryer,LPG,hair_dryer_20min_cycle9.csv,20
hair_dryer,LPG,hair_dryer_20min_cycle10.csv,20
hair_dryer,LPG,hair_dryer_5min_cycle11.csv,5
vacuum,LPG,vacuum_28min_cycle1.csv,28
vacuum,LPG,vacuum_27min_cycle2.csv,27
vacuum,LPG,vacuum_30min_cycle3.csv,30
sat_hifi,LPG,sat_hifi_129min_cycle1.csv,129
sat_hifi,LPG,sat_hifi_128min_cycle2.csv,128
sat_hifi,LPG,sat_hifi_118min_cycle3.csv,118
sat_hifi,LPG,sat_hifi_115min_cycle4.csv,115
sat_hifi,LPG,sat_hifi_114min_cycle5.csv,114
sat_hifi,LPG,sat_hifi_112min_cycle6.csv,112
sat_hifi,LPG,sat_hifi_109min_cycle7.csv,109
sat_hifi,LPG,sat_hifi_108min_cycle8.csv,108
sat_hifi,LPG,sat_hifi_107min_cycle9.csv,107
sat_hifi,LPG,sat_hifi_104min_cycle10.csv,104
sat_hifi,LPG,sat_hifi_102min_cycle11.csv,102
sat_hifi,LPG,sat_hifi_100min_cycle12.csv,100
sat_hifi,LPG,sat_hifi_100min_cycle13.csv,100
sat_hifi,LPG,sat_hifi_100min_cycle14.csv,100
sat_hifi,LPG,sat_hifi_100min_cycle15.csv,100
sat_hifi,LPG,sat_hifi_99min_cycle16.csv,99
sat_hifi,LPG,sat_hifi_99min_cycle17.csv,99
sat_hifi,LPG,sat_hifi_96min_cycle18.csv,96
sat_hifi,LPG,sat_hifi_95min_cycle19.csv,95
sat_hifi,LPG,sat_hifi_94min_cycle20.csv,94
sat_hifi,LPG,sat_hifi_92min_cycle21.csv,92
sat_hifi,LPG,sat_hifi_92min_cycle22.csv,92
sat_hifi,LPG,sat_hifi_91min_cycle23.csv,91
sat_hifi,LPG,sat_hifi_90min_cycle24.csv,90
sat_hifi,LPG,sat_hifi_89min_cycle25.csv,89
sat_hifi,LPG,sat_hifi_89min_cycle26.csv,89
sat_hifi,LPG,sat_hifi_88min_cycle27.csv,88
sat_hifi,LPG,sat_hifi_88min_cycle28.csv,88
sat_hifi,LPG,sat_hifi_87min_cycle29.csv,87
sat_hifi,LPG,sat_hifi_87min_cycle30.csv,87
sat_hifi,LPG,sat_hifi_85min_cycle31.csv,85
sat_hifi,LPG,sat_hifi_85min_cycle32.csv,85
sat_hifi,LPG,sat_hifi_84min_cycle33.csv,84
sat_hifi,LPG,sat_hifi_83min_cycle34.csv,83
sat_hifi,LPG,sat_hifi_82min_cycle35.csv,82
sat_hifi,LPG,sat_hifi_81min_cycle36.csv,81
sat_hifi,LPG,sat_hifi_79min_cycle37.csv,79
sat_hifi,LPG,sat_hifi_78min_cycle38.csv,78
sat_hifi,LPG,sat_hifi_74min_cycle39.csv,74
sat_hifi,LPG,sat_hifi_70min_cycle40.csv,70
sat_hifi,LPG,sat_hifi_66min_cycle41.csv,66
sat_hifi,LPG,sat_hifi_61min_cycle42.csv,61
sat_hifi,LPG,sat_hifi_58min_cycle43.csv,58
sat_hifi,LPG,sat_hifi_58min_cycle44.csv,58
sat_hifi,LPG,sat_hifi_56min_cycle45.csv,56
sat_hifi,LPG,sat_hifi_55min_cycle46.csv,55
sat_hifi,LPG,sat_hifi_51min_cycle47.csv,51
sat_hifi,LPG,sat_hifi_51min_cycle48.csv,51
sat_hifi,LPG,sat_hifi_50min_cycle49.csv,50
sat_hifi,LPG,sat_hifi_47min_cycle50.csv,47
sat_hifi,LPG,sat_hifi_46min_cycle51.csv,46
sat_hifi,LPG,sat_hifi_43min_cycle52.csv,43
sat_hifi,LPG,sat_hifi_38min_cycle53.csv,38
sat_hifi,LPG,sat_hifi_37min_cycle54.csv,37
sat_hifi,LPG,sat_hifi_37min_cycle55.csv,37
sat_hifi,LPG,sat_hifi_36min_cycle56.csv,36
sat_hifi,LPG,sat_hifi_34min_cycle57.csv,34
sat_hifi,LPG,sat_hifi_33min_cycle58.csv,33
sat_hifi,LPG,sat_hifi_32min_cycle59.csv,32
sat_hifi,LPG,sat_hifi_31min_cycle60.csv,31
sat_hifi,LPG,sat_hifi_31min_cycle61.csv,31
sat_hifi,LPG,sat_hifi_31min_cycle62.csv,31
sat_hifi,LPG,sat_hifi_30min_cycle63.csv,30
sat_hifi,LPG,sat_hifi_30min_cycle64.csv,30
sat_hifi,LPG,sat_hifi_30min_cycle65.csv,30
sat_hifi,LPG,sat_hifi_30min_cycle66.csv,30
sat_hifi,LPG,sat_hifi_29min_cycle67.csv,29
sat_hifi,LPG,sat_hifi_29min_cycle68.csv,29
sat_hifi,LPG,sat_hifi_29min_cycle69.csv,29
sat_hifi,LPG,sat_hifi_28min_cycle70.csv,28
sat_hifi,LPG,sat_hifi_25min_cycle71.csv,25
sat_hifi,LPG,sat_hifi_25min_cycle72.csv,25
sat_hifi,LPG,sat_hifi_25min_cycle73.csv,25
sat_hifi,LPG,sat_hifi_23min_cycle74.csv,23
sat_hifi,LPG,sat_hifi_23min_cycle75.csv,23
sat_hifi,LPG,sat_hifi_23min_cycle76.csv,23
sat_hifi,LPG,sat_hifi_22min_cycle77.csv,22
sat_hifi,LPG,sat_hifi_21min_cycle78.csv,21
sat_hifi,LPG,sat_hifi_21min_cycle79.csv,21
sat_hifi,LPG,sat_hifi_21min_cycle80.csv,21
sat_hifi,LPG,sat_hifi_20min_cycle81.csv,20
sat_hifi,LPG,sat_hifi_20min_cycle82.csv,20
sat_hifi,LPG,sat_hifi_20min_cycle83.csv,20
sat_hifi,LPG,sat_hifi_20min_cycle84.csv,20
sat_hifi,LPG,sat_hifi_19min_cycle85.csv,19
sat_hifi,LPG,sat_hifi_19min_cycle86.csv,19
sat_hifi,LPG,sat_hifi_19min_cycle87.csv,19
sat_hifi,LPG,sat_hifi_19min_cycle88.csv,19
sat_hifi,LPG,sat_hifi_19min_cycle89.csv,19
sat_hifi,LPG,sat_hifi_19min_cycle90.csv,19
sat_hifi,LPG,sat_hifi_19min_cycle91.csv,19
sat_hifi,LPG,sat_hifi_19min_cycle92.csv,19
sat_hifi,LPG,sat_hifi_18min_cycle93.csv,18
sat_hifi,LPG,sat_hifi_17min_cycle94.csv,17
sat_hifi,LPG,sat_hifi_17min_cycle95.csv,17
sat_hifi,LPG,sat_hifi_16min_cycle96.csv,16
sat_hifi,LPG,sat_hifi_16min_cycle97.csv,16
sat_hifi,LPG,sat_hifi_15min_cycle98.csv,15
sat_hifi,LPG,sat_hifi_15min_cycle99.csv,15
sat_hifi,LPG,sat_hifi_14min_cycle100.csv,14
gaming,LPG,gaming_61min_cycle1.csv,61
gaming,LPG,gaming_65min_cycle2.csv,65
gaming,LPG,gaming_60min_cycle3.csv,60
gaming,LPG,gaming_69min_cycle4.csv,69
gaming,LPG,gaming_117min_cycle5.csv,117
gaming,LPG,gaming_65min_cycle6.csv,65
gaming,LPG,gaming_59min_cycle7.csv,59
gaming,LPG,gaming_60min_cycle8.csv,60
gaming,LPG,gaming_69min_cycle9.csv,69
gaming,LPG,gaming_50min_cycle10.csv,50
gaming,LPG,gaming_63min_cycle11.csv,63
gaming,LPG,gaming_57min_cycle12.csv,57
gaming,LPG,gaming_50min_cycle13.csv,50
gaming,LPG,gaming_54min_cycle14.csv,54
gaming,LPG,gaming_66min_cycle15.csv,66
gaming,LPG,gaming_60min_cycle16.csv,60
gaming,LPG,gaming_63min_cycle17.csv,63
gaming,LPG,gaming_67min_cycle18.csv,67
gaming,LPG,gaming_60min_cycle19.csv,60
gaming,LPG,gaming_58min_cycle20.csv,58
gaming,LPG,gaming_57min_cycle21.csv,57
gaming,LPG,gaming_55min_cycle22.csv,55
gaming,LPG,gaming_47min_cycle23.csv,47
gaming,LPG,gaming_56min_cycle24.csv,56
gaming,LPG,gaming_124min_cycle25.csv,124
gaming,LPG,gaming_68min_cycle26.csv,68
gaming,LPG,gaming_65min_cycle27.csv,65
gaming,LPG,gaming_65min_cycle28.csv,65
fridge,LPG,fridge_32min_cycle1.csv,32
fridge,LPG,fridge_31min_cycle2.csv,31
fridge,LPG,fridge_31min_cycle3.csv,31
fridge,LPG,fridge_30min_cycle4.csv,30
fridge,LPG,fridge_30min_cycle5.csv,30
fridge,LPG,fridge_30min_cycle6.csv,30
fridge,LPG,fridge_29min_cycle7.csv,29
fridge,LPG,fridge_29min_cycle8.csv,29
fridge,LPG,fridge_29min_cycle9.csv,29
fridge,LPG,fridge_29min_cycle10.csv,29
fridge,LPG,fridge_29min_cycle11.csv,29
fridge,LPG,fridge_29min_cycle12.csv,29
fridge,LPG,fridge_29min_cycle13.csv,29
fridge,LPG,fridge_29min_cycle14.csv,29
fridge,LPG,fridge_29min_cycle15.csv,29
fridge,LPG,fridge_29min_cycle16.csv,29
fridge,LPG,fridge_28min_cycle17.csv,28
fridge,LPG,fridge_28min_cycle18.csv,28
fridge,LPG,fridge_28min_cycle19.csv,28
fridge,LPG,fridge_28min_cycle20.csv,28
fridge,LPG,fridge_28min_cycle21.csv,28
fridge,LPG,fridge_28min_cycle22.csv,28
fridge,LPG,fridge_28min_cycle23.csv,28
fridge,LPG,fridge_28min_cycle24.csv,28
fridge,LPG,fridge_28min_cycle25.csv,28
fridge,LPG,fridge_28min_cycle26.csv,28
fridge,LPG,fridge_27min_cycle27.csv,27
fridge,LPG,fridge_27min_cycle28.csv,27
fridge,LPG,fridge_27min_cycle29.csv,27
fridge,LPG,fridge_27min_cycle30.csv,27
fridge,LPG,fridge_27min_cycle31.csv,27
fridge,LPG,fridge_27min_cycle32.csv,27
fridge,LPG,fridge_27min_cycle33.csv,27
fridge,LPG,fridge_27min_cycle34.csv,27
fridge,LPG,fridge_27min_cycle35.csv,27
fridge,LPG,fridge_27min_cycle36.csv,27
fridge,LPG,fridge_27min_cycle37.csv,27
fridge,LPG,fridge_27min_cycle38.csv,27
fridge,LPG,fridge_27min_cycle39.csv,27
fridge,LPG,fridge_27min_cycle40.csv,27
fridge,LPG,fridge_27min_cycle41.csv,27
fridge,LPG,fridge_26min_cycle42.csv,26
fridge,LPG,fridge_26min_cycle43.csv,26
fridge,LPG,fridge_26min_cycle44.csv,26
fridge,LPG,fridge_26min_cycle45.csv,26
fridge,LPG,fridge_26min_cycle46.csv,26
fridge,LPG,fridge_26min_cycle47.csv,26
fridge,LPG,fridge_26min_cycle48.csv,26
fridge,LPG,fridge_26min_cycle49.csv,26
fridge,LPG,fridge_26min_cycle50.csv,26
fridge,LPG,fridge_25min_cycle51.csv,25
fridge,LPG,fridge_25min_cycle52.csv,25
fridge,LPG,fridge_25min_cycle53.csv,25
fridge,LPG,fridge_25min_cycle54.csv,25
fridge,LPG,fridge_25min_cycle55.csv,25
fridge,LPG,fridge_25min_cycle56.csv,25
fridge,LPG,fridge_25min_cycle57.csv,25
fridge,LPG,fridge_25min_cycle58.csv,25
fridge,LPG,fridge_25min_cycle59.csv,25
fridge,LPG,fridge_24min_cycle60.csv,24
fridge,LPG,fridge_24min_cycle61.csv,24
fridge,LPG,fridge_24min_cycle62.csv,24
fridge,LPG,fridge_24min_cycle63.csv,24
fridge,LPG,fridge_24min_cycle64.csv,24
fridge,LPG,fridge_24min_cycle65.csv,24
fridge,LPG,fridge_24min_cycle66.csv,24
fridge,LPG,fridge_24min_cycle67.csv,24
fridge,LPG,fridge_24min_cycle68.csv,24
fridge,LPG,fridge_24min_cycle69.csv,24
fridge,LPG,fridge_24min_cycle70.csv,24
fridge,LPG,fridge_24min_cycle71.csv,24
fridge,LPG,fridge_23min_cycle72.csv,23
fridge,LPG,fridge_23min_cycle73.csv,23
fridge,LPG,fridge_23min_cycle74.csv,23
fridge,LPG,fridge_23min_cycle75.csv,23
fridge,LPG,fridge_23min_cycle76.csv,23
fridge,LPG,fridge_23min_cycle77.csv,23
fridge,LPG,fridge_23min_cycle78.csv,23
fridge,LPG,fridge_23min_cycle79.csv,23
fridge,LPG,fridge_23min_cycle80.csv,23
fridge,LPG,fridge_23min_cycle81.csv,23
fridge,LPG,fridge_23min_cycle82.csv,23
fridge,LPG,fridge_23min_cycle83.csv,23
fridge,LPG,fridge_23min_cycle84.csv,23
fridge,LPG,fridge_23min_cycle85.csv,23
fridge,LPG,fridge_23min_cycle86.csv,23
fridge,LPG,fridge_23min_cycle87.csv,23
fridge,LPG,fridge_23min_cycle88.csv,23
fridge,LPG,fridge_23min_cycle89.csv,23
fridge,LPG,fridge_23min_cycle90.csv,23
fridge,LPG,fridge_23min_cycle91.csv,23
fridge,LPG,fridge_23min_cycle92.csv,23
fridge,LPG,fridge_23min_cycle93.csv,23
fridge,LPG,fridge_22min_cycle94.csv,22
fridge,LPG,fridge_22min_cycle95.csv,22
fridge,LPG,fridge_22min_cycle96.csv,22
fridge,LPG,fridge_22min_cycle97.csv,22
fridge,LPG,fridge_22min_cycle98.csv,22
fridge,LPG,fridge_22min_cycle99.csv,22
fridge,LPG,fridge_22min_cycle100.csv,22
dryer,LPG,dryer_18min_cycle1.csv,18
dryer,LPG,dryer_19min_cycle2.csv,19
dryer,LPG,dryer_16min_cycle3.csv,16
dryer,LPG,dryer_20min_cycle4.csv,20
dryer,LPG,dryer_6min_cycle5.csv,6
dryer,LPG,dryer_16min_cycle6.csv,16
dryer,LPG,dryer_6min_cycle7.csv,6
dryer,LPG,dryer_19min_cycle8.csv,19
dryer,LPG,dryer_20min_cycle9.csv,20
dryer,LPG,dryer_20min_cycle10.csv,20
dryer,LPG,dryer_5min_cycle11.csv,5
